time,p_inlet,p_outlet,delta_p
0.002,221.503,29.4443,192.0587
0.004,10.2697,1.28821,8.98149
0.006,9.66622,1.22565,8.44057
0.008,8.57966,1.08848,7.491180000000001
0.01,7.82215,0.991153,6.830997
0.012,7.27653,0.920537,6.355993
0.014,6.87308,0.868023,6.005057
0.016,6.56772,0.827991,5.739729
0.018,6.33105,0.79727,5.53378
0.02,6.14491,0.77273,5.37218
0.022,5.99602,0.753038,5.242982
0.024,5.87532,0.737016,5.138304000000001
0.026,5.7764,0.723822,5.052578
0.028,5.69459,0.712857,4.981733
0.03,5.62645,0.703675,4.922775
0.032,5.5694,0.695944,4.873456
0.034,5.52133,0.689391,4.831939
0.036,5.48069,0.683821,4.796869
0.038,5.44622,0.679068,4.767152
0.04,5.41692,0.675002,4.741918
0.042,5.39197,0.67152,4.72045
0.044,5.37068,0.668531,4.702149
0.046,5.3525,0.665963,4.686537
0.048,5.33697,0.663755,4.673215
0.05,5.32369,0.661857,4.661833
0.052,5.31233,0.660224,4.652106
0.054,5.30261,0.658819,4.643790999999999
0.056,5.29431,0.65761,4.6367
0.058,5.28721,0.656571,4.630639
0.06,5.28114,0.655678,4.625462
0.062,5.27595,0.654911,4.621039
0.064,5.27153,0.654252,4.617278000000001
0.066,5.26775,0.653682,4.6140680000000005
0.068,5.26454,0.653196,4.611344
0.07,5.2618,0.652782,4.609018
0.072,5.25948,0.652426,4.607054
0.074,5.2575,0.652123,4.605377000000001
0.076,5.25582,0.651795,4.604025
0.078,5.25441,0.651641,4.602769
0.08,5.25323,0.651439,4.601791
0.082,5.25222,0.651278,4.600942
0.084,5.25076,0.651049,4.599710999999999
0.086,5.25057,0.650989,4.599581
0.088,5.2497,0.650865,4.598834999999999
0.09,5.24943,0.650824,4.598606
0.092,5.24893,0.650733,4.598197
0.094,5.2487,0.650699,4.598001
0.096,5.24841,0.650632,4.597778
0.098,5.24821,0.650617,4.597593
0.1,5.24804,0.650584,4.597455999999999
0.102,5.24791,0.650562,4.597348
0.104,5.24793,0.650554,4.597376000000001
0.106,5.24747,0.65048,4.59699
0.108,5.24777,0.650525,4.597245
0.11,5.24749,0.650472,4.597018
0.112,5.24756,0.650485,4.597075
0.114,5.24759,0.650478,4.597112
0.116,5.24738,0.650432,4.596947999999999
0.118,5.24745,0.650448,4.597002
0.12,5.2475,0.650447,4.597053
0.122,5.24754,0.650452,4.597087999999999
0.124,5.24738,0.650413,4.596966999999999
0.126,5.24744,0.650413,4.597027
0.128,5.2475,0.650421,4.597079
0.13,5.24752,0.650432,4.597087999999999
0.132,5.24755,0.65041,4.5971400000000004
0.134,5.24741,0.650389,4.597021000000001
0.136,5.24744,0.650391,4.597049
0.138,5.24753,0.650385,4.597145
0.14,5.24754,0.650406,4.597134
0.142,5.2476,0.650387,4.597213
0.144,5.24758,0.650396,4.597184
0.146,5.24758,0.650372,4.597208
0.148,5.24749,0.650359,4.597131
0.15,5.2475,0.650365,4.597135
0.152,5.24773,0.650384,4.597346
0.154,5.24747,0.650331,4.597139
0.156,5.24775,0.650391,4.597359
0.158,5.24741,0.650307,4.597103000000001
0.16,5.24768,0.65038,4.5973
0.162,5.24757,0.650319,4.597251
0.164,5.24761,0.650336,4.597274
0.166,5.24763,0.650344,4.597286
0.168,5.24766,0.650332,4.597328
0.17,5.24766,0.650334,4.597326
0.172,5.24766,0.650338,4.597322
0.174,5.24766,0.650325,4.597334999999999
0.176,5.24754,0.650294,4.597246
0.178,5.2476,0.65031,4.59729
0.18,5.24761,0.650315,4.597295
0.182,5.24768,0.650312,4.5973679999999995
0.184,5.24767,0.650313,4.597357000000001
0.186,5.24767,0.650315,4.597355
0.188,5.24767,0.650316,4.597354
0.19,5.24768,0.650313,4.597367
0.192,5.24768,0.65031,4.59737
0.194,5.24768,0.650304,4.597376
0.196,5.24763,0.650289,4.597341
0.198,5.24763,0.65029,4.59734
0.2,5.24763,0.65029,4.59734
0.202,5.24764,0.650289,4.597351
0.204,5.24764,0.650292,4.597347999999999
0.206,5.24765,0.650287,4.5973630000000005
0.208,5.24765,0.650285,4.597365
0.21,5.24765,0.650284,4.597366
0.212,5.24766,0.650284,4.597376
0.214,5.24766,0.650284,4.597376
0.216,5.24767,0.650284,4.597386
0.218,5.24767,0.650284,4.597386
0.22,5.24767,0.650282,4.5973880000000005
0.222,5.24768,0.650282,4.597398
0.224,5.24768,0.650281,4.597399
0.226,5.24768,0.650281,4.597399
0.228,5.24768,0.65028,4.5974
0.23,5.24768,0.650279,4.597401
0.232,5.24768,0.650279,4.597401
0.234,5.24768,0.650278,4.597402
0.236,5.24768,0.650278,4.597402
0.238,5.24768,0.650278,4.597402
0.24,5.24769,0.650277,4.597413
0.242,5.24769,0.650275,4.597415000000001
0.244,5.24769,0.650275,4.597415000000001
0.246,5.24769,0.650275,4.597415000000001
0.248,5.24769,0.650273,4.597417
0.25,5.24769,0.650274,4.597416000000001
0.252,5.24769,0.650273,4.597417
0.254,5.24769,0.650273,4.597417
0.256,5.24768,0.650272,4.597408
0.258,5.24768,0.650272,4.597408
0.26,5.24768,0.650272,4.597408
0.262,5.24768,0.650272,4.597408
0.264,5.24768,0.650271,4.597409
0.266,5.24748,0.65022,4.59726
0.268,5.24766,0.650269,4.597391
0.27,5.24766,0.650271,4.597389
0.272,5.24766,0.650268,4.597392
0.274,5.24766,0.650268,4.597392
0.276,5.24766,0.650264,4.597396
0.278,5.24766,0.650264,4.597396
0.28,5.24766,0.650264,4.597396
0.282,5.24766,0.650264,4.597396
0.284,5.24766,0.650264,4.597396
0.286,5.24767,0.650266,4.597404
0.288,5.24767,0.650266,4.597404
0.29,5.24767,0.650266,4.597404
0.292,5.24767,0.650266,4.597404
0.294,5.24767,0.650266,4.597404
0.296,5.24767,0.650265,4.597405
0.298,5.24767,0.650265,4.597405
0.3,5.24767,0.650265,4.597405
0.302,5.24767,0.650265,4.597405
0.304,5.24767,0.650265,4.597405
0.306,5.24767,0.650265,4.597405
0.308,5.24767,0.650266,4.597404
0.31,5.24767,0.650265,4.597405
0.312,5.24767,0.650265,4.597405
0.314,5.24767,0.650266,4.597404
0.316,5.24767,0.650266,4.597404
0.318,5.24767,0.650266,4.597404
0.32,5.24767,0.650266,4.597404
0.322,5.24767,0.650266,4.597404
0.324,5.24767,0.650266,4.597404
0.326,5.24767,0.650266,4.597404
0.328,5.24767,0.650266,4.597404
0.33,5.24767,0.650266,4.597404
0.332,5.24767,0.650266,4.597404
0.334,5.24767,0.650266,4.597404
0.336,5.24767,0.650266,4.597404
0.338,5.24767,0.650266,4.597404
0.34,5.24767,0.650266,4.597404
0.342,5.24767,0.650266,4.597404
0.344,5.24767,0.650266,4.597404
0.346,5.24767,0.650266,4.597404
0.348,5.24767,0.650266,4.597404
0.35,5.24767,0.650266,4.597404
0.352,5.24767,0.650266,4.597404
0.354,5.24767,0.650266,4.597404
0.356,5.24767,0.650266,4.597404
0.358,5.24767,0.650266,4.597404
0.36,5.24767,0.650266,4.597404
0.362,5.24767,0.650266,4.597404
0.364,5.24767,0.650266,4.597404
0.366,5.24767,0.650266,4.597404
0.368,5.24767,0.650266,4.597404
0.37,5.24767,0.650266,4.597404
0.372,5.24767,0.650266,4.597404
0.374,5.24767,0.650266,4.597404
0.376,5.24767,0.650266,4.597404
0.378,5.24767,0.650266,4.597404
0.38,5.24767,0.650266,4.597404
0.382,5.24767,0.650266,4.597404
0.384,5.24767,0.650266,4.597404
0.386,5.24767,0.650266,4.597404
0.388,5.24767,0.650266,4.597404
0.39,5.24767,0.650266,4.597404
0.392,5.24767,0.650265,4.597405
0.394,5.24767,0.650265,4.597405
0.396,5.24767,0.650266,4.597404
0.398,5.24767,0.650266,4.597404
0.4,5.24767,0.650265,4.597405
0.402,5.24767,0.650265,4.597405
0.404,5.24767,0.650266,4.597404
0.406,5.24767,0.650266,4.597404
0.408,5.24767,0.650266,4.597404
0.41,5.24767,0.650266,4.597404
0.412,5.24767,0.650266,4.597404
0.414,5.24767,0.650266,4.597404
0.416,5.24767,0.650266,4.597404
0.418,5.24767,0.650266,4.597404
0.42,5.24767,0.650266,4.597404
0.422,5.24767,0.650265,4.597405
0.424,5.24767,0.650265,4.597405
0.426,5.24767,0.650267,4.597403
0.428,5.24767,0.650267,4.597403
0.43,5.24767,0.650265,4.597405
0.432,5.24767,0.650265,4.597405
0.434,5.24767,0.650266,4.597404
0.436,5.24767,0.650266,4.597404
0.438,5.24767,0.650266,4.597404
0.44,5.24767,0.650266,4.597404
0.442,5.24767,0.650266,4.597404
0.444,5.24767,0.650266,4.597404
0.446,5.24767,0.650266,4.597404
0.448,5.24767,0.650266,4.597404
0.45,5.24767,0.650266,4.597404
0.452,5.24767,0.650266,4.597404
0.454,5.24767,0.650267,4.597403
0.456,5.24767,0.650267,4.597403
0.458,5.24767,0.650265,4.597405
0.46,5.24767,0.650265,4.597405
0.462,5.24767,0.650265,4.597405
0.464,5.24767,0.650267,4.597403
0.466,5.24767,0.650267,4.597403
0.468,5.24767,0.650265,4.597405
0.47,5.24767,0.650265,4.597405
0.472,5.24767,0.650266,4.597404
0.474,5.24767,0.650266,4.597404
0.476,5.24767,0.650266,4.597404
0.478,5.24767,0.650266,4.597404
0.48,5.24767,0.650266,4.597404
0.482,5.24767,0.650266,4.597404
0.484,5.24767,0.650266,4.597404
0.486,5.24767,0.650266,4.597404
0.488,5.24767,0.650265,4.597405
0.49,5.24767,0.650265,4.597405
0.492,5.24767,0.650266,4.597404
0.494,5.24767,0.650266,4.597404
0.496,5.24767,0.650265,4.597405
0.498,5.24767,0.650265,4.597405
0.5,5.24767,0.650266,4.597404
0.502,5.24767,0.650266,4.597404
0.504,5.24767,0.650266,4.597404
0.506,5.24767,0.650266,4.597404
0.508,5.24767,0.650266,4.597404
0.51,5.24767,0.650266,4.597404
0.512,5.24767,0.650266,4.597404
0.514,5.24767,0.650266,4.597404
0.516,5.24767,0.650266,4.597404
0.518,5.24767,0.650265,4.597405
0.52,5.24767,0.650265,4.597405
0.522,5.24767,0.650266,4.597404
0.524,5.24767,0.650266,4.597404
0.526,5.24767,0.650265,4.597405
0.528,5.24767,0.650265,4.597405
0.53,5.24767,0.650266,4.597404
0.532,5.24767,0.650266,4.597404
0.534,5.24767,0.650265,4.597405
0.536,5.24767,0.650265,4.597405
0.538,5.24767,0.650266,4.597404
0.54,5.24767,0.650266,4.597404
0.542,5.24767,0.650266,4.597404
0.544,5.24767,0.650266,4.597404
0.546,5.24767,0.650266,4.597404
0.548,5.24767,0.650265,4.597405
0.55,5.24767,0.650265,4.597405
0.552,5.24767,0.650266,4.597404
0.554,5.24767,0.650266,4.597404
0.556,5.24767,0.650265,4.597405
0.558,5.24767,0.650265,4.597405
0.56,5.24767,0.650266,4.597404
0.562,5.24767,0.650266,4.597404
0.564,5.24767,0.650265,4.597405
0.566,5.24767,0.650265,4.597405
0.568,5.24767,0.650266,4.597404
0.57,5.24767,0.650266,4.597404
0.572,5.24767,0.650266,4.597404
0.574,5.24767,0.650266,4.597404
0.576,5.24767,0.650266,4.597404
0.578,5.24767,0.650265,4.597405
0.58,5.24767,0.650265,4.597405
0.582,5.24767,0.650266,4.597404
0.584,5.24767,0.650266,4.597404
0.586,5.24767,0.650265,4.597405
0.588,5.24767,0.650265,4.597405
0.59,5.24767,0.650266,4.597404
0.592,5.24767,0.650266,4.597404
0.594,5.24767,0.650265,4.597405
0.596,5.24767,0.650265,4.597405
0.598,5.24767,0.650266,4.597404
0.6,5.24767,0.650266,4.597404
0.602,5.24767,0.650265,4.597405
0.604,5.24767,0.650265,4.597405
0.606,5.24767,0.650265,4.597405
0.608,5.24767,0.650266,4.597404
0.61,5.24767,0.650266,4.597404
0.612,5.24767,0.650266,4.597404
0.614,5.24767,0.650266,4.597404
0.616,5.24767,0.650265,4.597405
0.618,5.24767,0.650265,4.597405
0.62,5.24767,0.650266,4.597404
0.622,5.24767,0.650266,4.597404
0.624,5.24767,0.650265,4.597405
0.626,5.24767,0.650265,4.597405
0.628,5.24767,0.650266,4.597404
0.63,5.24767,0.650266,4.597404
0.632,5.24767,0.650266,4.597404
0.634,5.24767,0.650265,4.597405
0.636,5.24767,0.650265,4.597405
0.638,5.24767,0.650266,4.597404
0.64,5.24767,0.650266,4.597404
0.642,5.24767,0.650266,4.597404
0.644,5.24767,0.650266,4.597404
0.646,5.24767,0.650265,4.597405
0.648,5.24767,0.650265,4.597405
0.65,5.24767,0.650266,4.597404
0.652,5.24767,0.650266,4.597404
0.654,5.24767,0.650265,4.597405
0.656,5.24767,0.650265,4.597405
0.658,5.24767,0.650266,4.597404
0.66,5.24767,0.650266,4.597404
0.662,5.24767,0.650266,4.597404
0.664,5.24767,0.650265,4.597405
0.666,5.24767,0.650265,4.597405
0.668,5.24767,0.650266,4.597404
0.67,5.24767,0.650266,4.597404
0.672,5.24767,0.650266,4.597404
0.674,5.24767,0.650266,4.597404
0.676,5.24767,0.650265,4.597405
0.678,5.24767,0.650265,4.597405
0.68,5.24767,0.650266,4.597404
0.682,5.24767,0.650266,4.597404
0.684,5.24767,0.650266,4.597404
0.686,5.24767,0.650265,4.597405
0.688,5.24767,0.650265,4.597405
0.69,5.24767,0.650266,4.597404
0.692,5.24767,0.650266,4.597404
0.694,5.24767,0.650265,4.597405
0.696,5.24767,0.650265,4.597405
0.698,5.24767,0.650266,4.597404
0.7,5.24767,0.650266,4.597404
0.702,5.24767,0.650265,4.597405
0.704,5.24767,0.650265,4.597405
0.706,5.24767,0.650266,4.597404
0.708,5.24767,0.650266,4.597404
0.71,5.24767,0.650266,4.597404
0.712,5.24767,0.650266,4.597404
0.714,5.24767,0.650266,4.597404
0.716,5.24767,0.650265,4.597405
0.718,5.24767,0.650265,4.597405
0.72,5.24767,0.650266,4.597404
0.722,5.24767,0.650266,4.597404
0.724,5.24767,0.650265,4.597405
0.726,5.24767,0.650265,4.597405
0.728,5.24767,0.650266,4.597404
0.73,5.24767,0.650266,4.597404
0.732,5.24767,0.650265,4.597405
0.734,5.24767,0.650265,4.597405
0.736,5.24767,0.650266,4.597404
0.738,5.24767,0.650266,4.597404
0.74,5.24767,0.650266,4.597404
0.742,5.24767,0.650266,4.597404
0.744,5.24767,0.650266,4.597404
0.746,5.24767,0.650265,4.597405
0.748,5.24767,0.650265,4.597405
0.75,5.24767,0.650266,4.597404
0.752,5.24767,0.650266,4.597404
0.754,5.24767,0.650265,4.597405
0.756,5.24767,0.650265,4.597405
0.758,5.24767,0.650266,4.597404
0.76,5.24767,0.650266,4.597404
0.762,5.24767,0.650266,4.597404
0.764,5.24767,0.650265,4.597405
0.766,5.24767,0.650265,4.597405
0.768,5.24767,0.650266,4.597404
0.77,5.24767,0.650266,4.597404
0.772,5.24767,0.650266,4.597404
0.774,5.24767,0.650266,4.597404
0.776,5.24767,0.650265,4.597405
0.778,5.24767,0.650265,4.597405
0.78,5.24767,0.650266,4.597404
0.782,5.24767,0.650266,4.597404
0.784,5.24767,0.650265,4.597405
0.786,5.24767,0.650265,4.597405
0.788,5.24767,0.650265,4.597405
0.79,5.24767,0.650266,4.597404
0.792,5.24767,0.650266,4.597404
0.794,5.24767,0.650265,4.597405
0.796,5.24767,0.650265,4.597405
0.798,5.24767,0.650266,4.597404
0.8,5.24767,0.650266,4.597404
0.802,5.24767,0.650266,4.597404
0.804,5.24767,0.650266,4.597404
0.806,5.24767,0.650266,4.597404
0.808,5.24767,0.650266,4.597404
0.81,5.24767,0.650266,4.597404
0.812,5.24767,0.650266,4.597404
0.814,5.24767,0.650266,4.597404
0.816,5.24767,0.650265,4.597405
0.818,5.24767,0.650265,4.597405
0.82,5.24767,0.650266,4.597404
0.822,5.24767,0.650266,4.597404
0.824,5.24767,0.650265,4.597405
0.826,5.24767,0.650265,4.597405
0.828,5.24767,0.650266,4.597404
0.83,5.24767,0.650266,4.597404
0.832,5.24767,0.650266,4.597404
0.834,5.24767,0.650266,4.597404
0.836,5.24767,0.650266,4.597404
0.838,5.24767,0.650266,4.597404
0.84,5.24767,0.650266,4.597404
0.842,5.24767,0.650266,4.597404
0.844,5.24767,0.650266,4.597404
0.846,5.24767,0.650265,4.597405
0.848,5.24767,0.650265,4.597405
0.85,5.24767,0.650266,4.597404
0.852,5.24767,0.650266,4.597404
0.854,5.24767,0.650265,4.597405
0.856,5.24767,0.650265,4.597405
0.858,5.24767,0.650266,4.597404
0.86,5.24767,0.650266,4.597404
0.862,5.24767,0.650265,4.597405
0.864,5.24767,0.650265,4.597405
0.866,5.24767,0.650265,4.597405
0.868,5.24767,0.650266,4.597404
0.87,5.24767,0.650266,4.597404
0.872,5.24767,0.650266,4.597404
0.874,5.24767,0.650266,4.597404
0.876,5.24767,0.650265,4.597405
0.878,5.24767,0.650265,4.597405
0.88,5.24767,0.650266,4.597404
0.882,5.24767,0.650266,4.597404
0.884,5.24767,0.650265,4.597405
0.886,5.24767,0.650265,4.597405
0.888,5.24767,0.650266,4.597404
0.89,5.24767,0.650266,4.597404
0.892,5.24767,0.650266,4.597404
0.894,5.24767,0.650265,4.597405
0.896,5.24767,0.650265,4.597405
0.898,5.24767,0.650266,4.597404
0.9,5.24767,0.650266,4.597404
0.902,5.24767,0.650266,4.597404
0.904,5.24767,0.650266,4.597404
0.906,5.24767,0.650265,4.597405
0.908,5.24767,0.650265,4.597405
0.91,5.24767,0.650266,4.597404
0.912,5.24767,0.650266,4.597404
0.914,5.24767,0.650265,4.597405
0.916,5.24767,0.650265,4.597405
0.918,5.24767,0.650265,4.597405
0.92,5.24767,0.650266,4.597404
0.922,5.24767,0.650266,4.597404
0.924,5.24767,0.650265,4.597405
0.926,5.24767,0.650265,4.597405
0.928,5.24767,0.650266,4.597404
0.93,5.24767,0.650266,4.597404
0.932,5.24767,0.650266,4.597404
0.934,5.24767,0.650266,4.597404
0.936,5.24767,0.650266,4.597404
0.938,5.24767,0.650266,4.597404
0.94,5.24767,0.650266,4.597404
0.942,5.24767,0.650266,4.597404
0.944,5.24767,0.650266,4.597404
0.946,5.24767,0.650265,4.597405
0.948,5.24767,0.650265,4.597405
0.95,5.24767,0.650266,4.597404
0.952,5.24767,0.650266,4.597404
0.954,5.24767,0.650265,4.597405
0.956,5.24767,0.650265,4.597405
0.958,5.24767,0.650266,4.597404
0.96,5.24767,0.650266,4.597404
0.962,5.24767,0.650265,4.597405
0.964,5.24767,0.650265,4.597405
0.966,5.24767,0.650266,4.597404
0.968,5.24767,0.650266,4.597404
0.97,5.24767,0.650266,4.597404
0.972,5.24767,0.650266,4.597404
0.974,5.24767,0.650266,4.597404
0.976,5.24767,0.650265,4.597405
0.978,5.24767,0.650265,4.597405
0.98,5.24767,0.650266,4.597404
0.982,5.24767,0.650266,4.597404
0.984,5.24767,0.650265,4.597405
0.986,5.24767,0.650265,4.597405
0.988,5.24767,0.650266,4.597404
0.99,5.24767,0.650266,4.597404
0.992,5.24767,0.650266,4.597404
0.994,5.24767,0.650265,4.597405
0.996,5.24767,0.650265,4.597405
0.998,5.24767,0.650266,4.597404
1.0,5.24767,0.650266,4.597404
1.002,5.24767,0.650266,4.597404
1.004,5.24767,0.650266,4.597404
1.006,5.24767,0.650265,4.597405
1.008,5.24767,0.650265,4.597405
1.01,5.24767,0.650266,4.597404
1.012,5.24767,0.650266,4.597404
1.014,5.24767,0.650265,4.597405
1.016,5.24767,0.650265,4.597405
1.018,5.24767,0.650265,4.597405
1.02,5.24767,0.650266,4.597404
1.022,5.24767,0.650266,4.597404
1.024,5.24767,0.650265,4.597405
1.026,5.24767,0.650265,4.597405
1.028,5.24767,0.650266,4.597404
1.03,5.24767,0.650266,4.597404
1.032,5.24767,0.650266,4.597404
1.034,5.24767,0.650266,4.597404
1.036,5.24767,0.650266,4.597404
1.038,5.24767,0.650266,4.597404
1.04,5.24767,0.650266,4.597404
1.042,5.24767,0.650266,4.597404
1.044,5.24767,0.650266,4.597404
1.046,5.24767,0.650265,4.597405
1.048,5.24767,0.650265,4.597405
1.05,5.24767,0.650266,4.597404
1.052,5.24767,0.650266,4.597404
1.054,5.24767,0.650265,4.597405
1.056,5.24767,0.650265,4.597405
1.058,5.24767,0.650266,4.597404
1.06,5.24767,0.650266,4.597404
1.062,5.24767,0.650266,4.597404
1.064,5.24767,0.650266,4.597404
1.066,5.24767,0.650266,4.597404
1.068,5.24767,0.650266,4.597404
1.07,5.24767,0.650266,4.597404
1.072,5.24767,0.650266,4.597404
1.074,5.24767,0.650266,4.597404
1.076,5.24767,0.650265,4.597405
1.078,5.24767,0.650265,4.597405
1.08,5.24767,0.650266,4.597404
1.082,5.24767,0.650266,4.597404
1.084,5.24767,0.650265,4.597405
1.086,5.24767,0.650265,4.597405
1.088,5.24767,0.650266,4.597404
1.09,5.24767,0.650266,4.597404
1.092,5.24767,0.650266,4.597404
1.094,5.24767,0.650266,4.597404
1.096,5.24767,0.650266,4.597404
1.098,5.24767,0.650266,4.597404
1.1,5.24767,0.650266,4.597404
1.102,5.24767,0.650266,4.597404
1.104,5.24767,0.650266,4.597404
1.106,5.24767,0.650265,4.597405
1.108,5.24767,0.650265,4.597405
1.11,5.24767,0.650266,4.597404
1.112,5.24767,0.650266,4.597404
1.114,5.24767,0.650265,4.597405
1.116,5.24767,0.650265,4.597405
1.118,5.24767,0.650266,4.597404
1.12,5.24767,0.650266,4.597404
1.122,5.24767,0.650266,4.597404
1.124,5.24767,0.650265,4.597405
1.126,5.24767,0.650265,4.597405
1.128,5.24767,0.650266,4.597404
1.13,5.24767,0.650266,4.597404
1.132,5.24767,0.650266,4.597404
1.134,5.24767,0.650266,4.597404
1.136,5.24767,0.650265,4.597405
1.138,5.24767,0.650265,4.597405
1.14,5.24767,0.650266,4.597404
1.142,5.24767,0.650266,4.597404
1.144,5.24767,0.650266,4.597404
1.146,5.24767,0.650265,4.597405
1.148,5.24767,0.650265,4.597405
1.15,5.24767,0.650266,4.597404
1.152,5.24767,0.650266,4.597404
1.154,5.24767,0.650265,4.597405
1.156,5.24767,0.650265,4.597405
1.158,5.24767,0.650266,4.597404
1.16,5.24767,0.650266,4.597404
1.162,5.24767,0.650266,4.597404
1.164,5.24767,0.650266,4.597404
1.166,5.24767,0.650265,4.597405
1.168,5.24767,0.650265,4.597405
1.17,5.24767,0.650266,4.597404
1.172,5.24767,0.650266,4.597404
1.174,5.24767,0.650266,4.597404
1.176,5.24767,0.650265,4.597405
1.178,5.24767,0.650265,4.597405
1.18,5.24767,0.650266,4.597404
1.182,5.24767,0.650266,4.597404
1.184,5.24767,0.650265,4.597405
1.186,5.24767,0.650265,4.597405
1.188,5.24767,0.650266,4.597404
1.19,5.24767,0.650266,4.597404
1.192,5.24767,0.650266,4.597404
1.194,5.24767,0.650266,4.597404
1.196,5.24767,0.650266,4.597404
1.198,5.24767,0.650265,4.597405
1.2,5.24767,0.650265,4.597405
1.202,5.24767,0.650266,4.597404
1.204,5.24767,0.650266,4.597404
1.206,5.24767,0.650265,4.597405
1.208,5.24767,0.650265,4.597405
1.21,5.24767,0.650266,4.597404
1.212,5.24767,0.650266,4.597404
1.214,5.24767,0.650265,4.597405
1.216,5.24767,0.650265,4.597405
1.218,5.24767,0.650265,4.597405
1.22,5.24767,0.650266,4.597404
1.222,5.24767,0.650266,4.597404
1.224,5.24767,0.650266,4.597404
1.226,5.24767,0.650266,4.597404
1.228,5.24767,0.650266,4.597404
1.23,5.24767,0.650266,4.597404
1.232,5.24767,0.650266,4.597404
1.234,5.24767,0.650266,4.597404
1.236,5.24767,0.650265,4.597405
1.238,5.24767,0.650265,4.597405
1.24,5.24767,0.650266,4.597404
1.242,5.24767,0.650266,4.597404
1.244,5.24767,0.650265,4.597405
1.246,5.24767,0.650265,4.597405
1.248,5.24767,0.650265,4.597405
1.25,5.24767,0.650266,4.597404
1.252,5.24767,0.650266,4.597404
1.254,5.24767,0.650265,4.597405
1.256,5.24767,0.650265,4.597405
1.258,5.24767,0.650266,4.597404
1.26,5.24767,0.650266,4.597404
1.262,5.24767,0.650266,4.597404
1.264,5.24767,0.650266,4.597404
1.266,5.24767,0.650265,4.597405
1.268,5.24767,0.650265,4.597405
1.27,5.24767,0.650265,4.597405
1.272,5.24767,0.650266,4.597404
1.274,5.24767,0.650266,4.597404
1.276,5.24767,0.650265,4.597405
1.278,5.24767,0.650265,4.597405
1.28,5.24767,0.650266,4.597404
1.282,5.24767,0.650266,4.597404
1.284,5.24767,0.650265,4.597405
1.286,5.24767,0.650265,4.597405
1.288,5.24767,0.650266,4.597404
1.29,5.24767,0.650266,4.597404
1.292,5.24767,0.650266,4.597404
1.294,5.24767,0.650266,4.597404
1.296,5.24767,0.650266,4.597404
1.298,5.24767,0.650265,4.597405
1.3,5.24767,0.650265,4.597405
1.302,5.24767,0.650266,4.597404
1.304,5.24767,0.650266,4.597404
1.306,5.24767,0.650265,4.597405
1.308,5.24767,0.650265,4.597405
1.31,5.24767,0.650266,4.597404
1.312,5.24767,0.650266,4.597404
1.314,5.24767,0.650265,4.597405
1.316,5.24767,0.650265,4.597405
1.318,5.24767,0.650265,4.597405
1.32,5.24767,0.650266,4.597404
1.322,5.24767,0.650266,4.597404
1.324,5.24767,0.650266,4.597404
1.326,5.24767,0.650266,4.597404
1.328,5.24767,0.650265,4.597405
1.33,5.24767,0.650265,4.597405
1.332,5.24767,0.650266,4.597404
1.334,5.24767,0.650266,4.597404
1.336,5.24767,0.650265,4.597405
1.338,5.24767,0.650265,4.597405
1.34,5.24767,0.650266,4.597404
1.342,5.24767,0.650266,4.597404
1.344,5.24767,0.650265,4.597405
1.346,5.24767,0.650265,4.597405
1.348,5.24767,0.650265,4.597405
1.35,5.24767,0.650266,4.597404
1.352,5.24767,0.650266,4.597404
1.354,5.24767,0.650266,4.597404
1.356,5.24767,0.650266,4.597404
1.358,5.24767,0.650266,4.597404
1.36,5.24767,0.650266,4.597404
1.362,5.24767,0.650266,4.597404
1.364,5.24767,0.650266,4.597404
1.366,5.24767,0.650265,4.597405
1.368,5.24767,0.650265,4.597405
1.37,5.24767,0.650266,4.597404
1.372,5.24767,0.650266,4.597404
1.374,5.24767,0.650266,4.597404
1.376,5.24767,0.650265,4.597405
1.378,5.24767,0.650265,4.597405
1.38,5.24767,0.650266,4.597404
1.382,5.24767,0.650266,4.597404
1.384,5.24767,0.650265,4.597405
1.386,5.24767,0.650265,4.597405
1.388,5.24767,0.650266,4.597404
1.39,5.24767,0.650266,4.597404
1.392,5.24767,0.650266,4.597404
1.394,5.24767,0.650266,4.597404
1.396,5.24767,0.650266,4.597404
1.398,5.24767,0.650265,4.597405
1.4,5.24767,0.650265,4.597405
1.402,5.24767,0.650266,4.597404
1.404,5.24767,0.650266,4.597404
1.406,5.24767,0.650265,4.597405
1.408,5.24767,0.650265,4.597405
1.41,5.24767,0.650266,4.597404
1.412,5.24767,0.650266,4.597404
1.414,5.24767,0.650265,4.597405
1.416,5.24767,0.650265,4.597405
1.418,5.24767,0.650266,4.597404
1.42,5.24767,0.650266,4.597404
1.422,5.24767,0.650266,4.597404
1.424,5.24767,0.650266,4.597404
1.426,5.24767,0.650266,4.597404
1.428,5.24767,0.650265,4.597405
1.43,5.24767,0.650265,4.597405
1.432,5.24767,0.650266,4.597404
1.434,5.24767,0.650266,4.597404
1.436,5.24767,0.650265,4.597405
1.438,5.24767,0.650265,4.597405
1.44,5.24767,0.650266,4.597404
1.442,5.24767,0.650266,4.597404
1.444,5.24767,0.650265,4.597405
1.446,5.24767,0.650265,4.597405
1.448,5.24767,0.650265,4.597405
1.45,5.24767,0.650266,4.597404
1.452,5.24767,0.650266,4.597404
1.454,5.24767,0.650266,4.597404
1.456,5.24767,0.650266,4.597404
1.458,5.24767,0.650265,4.597405
1.46,5.24767,0.650265,4.597405
1.462,5.24767,0.650266,4.597404
1.464,5.24767,0.650266,4.597404
1.466,5.24767,0.650265,4.597405
1.468,5.24767,0.650265,4.597405
1.47,5.24767,0.650266,4.597404
1.472,5.24767,0.650266,4.597404
1.474,5.24767,0.650266,4.597404
1.476,5.24767,0.650265,4.597405
1.478,5.24767,0.650265,4.597405
1.48,5.24767,0.650266,4.597404
1.482,5.24767,0.650266,4.597404
1.484,5.24767,0.650266,4.597404
1.486,5.24767,0.650266,4.597404
1.488,5.24767,0.650266,4.597404
1.49,5.24767,0.650266,4.597404
1.492,5.24767,0.650266,4.597404
1.494,5.24767,0.650266,4.597404
1.496,5.24767,0.650265,4.597405
1.498,5.24767,0.650265,4.597405
1.5,5.24767,0.650265,4.597405
1.502,5.24767,0.650266,4.597404
1.504,5.24767,0.650266,4.597404
1.506,5.24767,0.650265,4.597405
1.508,5.24767,0.650265,4.597405
1.51,5.24767,0.650266,4.597404
1.512,5.24767,0.650266,4.597404
1.514,5.24767,0.650265,4.597405
1.516,5.24767,0.650265,4.597405
1.518,5.24767,0.650266,4.597404
1.52,5.24767,0.650266,4.597404
1.522,5.24767,0.650266,4.597404
1.524,5.24767,0.650266,4.597404
1.526,5.24767,0.650265,4.597405
1.528,5.24767,0.650265,4.597405
1.53,5.24767,0.650265,4.597405
1.532,5.24767,0.650266,4.597404
1.534,5.24767,0.650266,4.597404
1.536,5.24767,0.650265,4.597405
1.538,5.24767,0.650265,4.597405
1.54,5.24767,0.650266,4.597404
1.542,5.24767,0.650266,4.597404
1.544,5.24767,0.650265,4.597405
1.546,5.24767,0.650265,4.597405
1.548,5.24767,0.650266,4.597404
1.55,5.24767,0.650266,4.597404
1.552,5.24767,0.650266,4.597404
1.554,5.24767,0.650266,4.597404
1.556,5.24767,0.650266,4.597404
1.558,5.24767,0.650265,4.597405
1.56,5.24767,0.650265,4.597405
1.562,5.24767,0.650266,4.597404
1.564,5.24767,0.650266,4.597404
1.566,5.24767,0.650265,4.597405
1.568,5.24767,0.650265,4.597405
1.57,5.24767,0.650266,4.597404
1.572,5.24767,0.650266,4.597404
1.574,5.24767,0.650266,4.597404
1.576,5.24767,0.650265,4.597405
1.578,5.24767,0.650265,4.597405
1.58,5.24767,0.650266,4.597404
1.582,5.24767,0.650266,4.597404
1.584,5.24767,0.650266,4.597404
1.586,5.24767,0.650266,4.597404
1.588,5.24767,0.650266,4.597404
1.59,5.24767,0.650266,4.597404
1.592,5.24767,0.650266,4.597404
1.594,5.24767,0.650266,4.597404
1.596,5.24767,0.650265,4.597405
1.598,5.24767,0.650265,4.597405
1.6,5.24767,0.650265,4.597405
1.602,5.24767,0.650266,4.597404
1.604,5.24767,0.650266,4.597404
1.606,5.24767,0.650265,4.597405
1.608,5.24767,0.650265,4.597405
1.61,5.24767,0.650266,4.597404
1.612,5.24767,0.650266,4.597404
1.614,5.24767,0.650266,4.597404
1.616,5.24767,0.650266,4.597404
1.618,5.24767,0.650266,4.597404
1.62,5.24767,0.650266,4.597404
1.622,5.24767,0.650266,4.597404
1.624,5.24767,0.650266,4.597404
1.626,5.24767,0.650266,4.597404
1.628,5.24767,0.650265,4.597405
1.63,5.24767,0.650265,4.597405
1.632,5.24767,0.650266,4.597404
1.634,5.24767,0.650266,4.597404
1.636,5.24767,0.650265,4.597405
1.638,5.24767,0.650265,4.597405
1.64,5.24767,0.650266,4.597404
1.642,5.24767,0.650266,4.597404
1.644,5.24767,0.650266,4.597404
1.646,5.24767,0.650266,4.597404
1.648,5.24767,0.650266,4.597404
1.65,5.24767,0.650266,4.597404
1.652,5.24767,0.650266,4.597404
1.654,5.24767,0.650266,4.597404
1.656,5.24767,0.650266,4.597404
1.658,5.24767,0.650265,4.597405
1.66,5.24767,0.650265,4.597405
1.662,5.24767,0.650266,4.597404
1.664,5.24767,0.650266,4.597404
1.666,5.24767,0.650265,4.597405
1.668,5.24767,0.650265,4.597405
1.67,5.24767,0.650266,4.597404
1.672,5.24767,0.650266,4.597404
1.674,5.24767,0.650266,4.597404
1.676,5.24767,0.650265,4.597405
1.678,5.24767,0.650265,4.597405
1.68,5.24767,0.650266,4.597404
1.682,5.24767,0.650266,4.597404
1.684,5.24767,0.650266,4.597404
1.686,5.24767,0.650266,4.597404
1.688,5.24767,0.650265,4.597405
1.69,5.24767,0.650265,4.597405
1.692,5.24767,0.650266,4.597404
1.694,5.24767,0.650266,4.597404
1.696,5.24767,0.650265,4.597405
1.698,5.24767,0.650265,4.597405
1.7,5.24767,0.650265,4.597405
1.702,5.24767,0.650266,4.597404
1.704,5.24767,0.650266,4.597404
1.706,5.24767,0.650265,4.597405
1.708,5.24767,0.650265,4.597405
1.71,5.24767,0.650266,4.597404
1.712,5.24767,0.650266,4.597404
1.714,5.24767,0.650266,4.597404
1.716,5.24767,0.650266,4.597404
1.718,5.24767,0.650266,4.597404
1.72,5.24767,0.650266,4.597404
1.722,5.24767,0.650266,4.597404
1.724,5.24767,0.650266,4.597404
1.726,5.24767,0.650266,4.597404
1.728,5.24767,0.650265,4.597405
1.73,5.24767,0.650265,4.597405
1.732,5.24767,0.650266,4.597404
1.734,5.24767,0.650266,4.597404
1.736,5.24767,0.650265,4.597405
1.738,5.24767,0.650265,4.597405
1.74,5.24767,0.650266,4.597404
1.742,5.24767,0.650266,4.597404
1.744,5.24767,0.650266,4.597404
1.746,5.24767,0.650266,4.597404
1.748,5.24767,0.650266,4.597404
1.75,5.24767,0.650266,4.597404
1.752,5.24767,0.650266,4.597404
1.754,5.24767,0.650266,4.597404
1.756,5.24767,0.650266,4.597404
1.758,5.24767,0.650265,4.597405
1.76,5.24767,0.650265,4.597405
1.762,5.24767,0.650266,4.597404
1.764,5.24767,0.650266,4.597404
1.766,5.24767,0.650265,4.597405
1.768,5.24767,0.650265,4.597405
1.77,5.24767,0.650266,4.597404
1.772,5.24767,0.650266,4.597404
1.774,5.24767,0.650266,4.597404
1.776,5.24767,0.650266,4.597404
1.778,5.24767,0.650266,4.597404
1.78,5.24767,0.650266,4.597404
1.782,5.24767,0.650266,4.597404
1.784,5.24767,0.650266,4.597404
1.786,5.24767,0.650266,4.597404
1.788,5.24767,0.650265,4.597405
1.79,5.24767,0.650265,4.597405
1.792,5.24767,0.650266,4.597404
1.794,5.24767,0.650266,4.597404
1.796,5.24767,0.650265,4.597405
1.798,5.24767,0.650265,4.597405
1.8,5.24767,0.650265,4.597405
1.802,5.24767,0.650266,4.597404
1.804,5.24767,0.650266,4.597404
1.806,5.24767,0.650265,4.597405
1.808,5.24767,0.650265,4.597405
1.81,5.24767,0.650266,4.597404
1.812,5.24767,0.650266,4.597404
1.814,5.24767,0.650266,4.597404
1.816,5.24767,0.650266,4.597404
1.818,5.24767,0.650265,4.597405
1.82,5.24767,0.650265,4.597405
1.822,5.24767,0.650265,4.597405
1.824,5.24767,0.650266,4.597404
1.826,5.24767,0.650266,4.597404
1.828,5.24767,0.650265,4.597405
1.83,5.24767,0.650265,4.597405
1.832,5.24767,0.650266,4.597404
1.834,5.24767,0.650266,4.597404
1.836,5.24767,0.650265,4.597405
1.838,5.24767,0.650265,4.597405
1.84,5.24767,0.650266,4.597404
1.842,5.24767,0.650266,4.597404
1.844,5.24767,0.650266,4.597404
1.846,5.24767,0.650266,4.597404
1.848,5.24767,0.650266,4.597404
1.85,5.24767,0.650265,4.597405
1.852,5.24767,0.650265,4.597405
1.854,5.24767,0.650266,4.597404
1.856,5.24767,0.650266,4.597404
1.858,5.24767,0.650265,4.597405
1.86,5.24767,0.650265,4.597405
1.862,5.24767,0.650266,4.597404
1.864,5.24767,0.650266,4.597404
1.866,5.24767,0.650265,4.597405
1.868,5.24767,0.650265,4.597405
1.87,5.24767,0.650265,4.597405
1.872,5.24767,0.650266,4.597404
1.874,5.24767,0.650266,4.597404
1.876,5.24767,0.650266,4.597404
1.878,5.24767,0.650266,4.597404
1.88,5.24767,0.650266,4.597404
1.882,5.24767,0.650266,4.597404
1.884,5.24767,0.650266,4.597404
1.886,5.24767,0.650266,4.597404
1.888,5.24767,0.650265,4.597405
1.89,5.24767,0.650265,4.597405
1.892,5.24767,0.650265,4.597405
1.894,5.24767,0.650266,4.597404
1.896,5.24767,0.650266,4.597404
1.898,5.24767,0.650265,4.597405
1.9,5.24767,0.650265,4.597405
1.902,5.24767,0.650266,4.597404
1.904,5.24767,0.650266,4.597404
1.906,5.24767,0.650266,4.597404
1.908,5.24767,0.650266,4.597404
1.91,5.24767,0.650266,4.597404
1.912,5.24767,0.650266,4.597404
1.914,5.24767,0.650266,4.597404
1.916,5.24767,0.650266,4.597404
1.918,5.24767,0.650266,4.597404
1.92,5.24767,0.650265,4.597405
1.922,5.24767,0.650265,4.597405
1.924,5.24767,0.650266,4.597404
1.926,5.24767,0.650266,4.597404
1.928,5.24767,0.650265,4.597405
1.93,5.24767,0.650265,4.597405
1.932,5.24767,0.650266,4.597404
1.934,5.24767,0.650266,4.597404
1.936,5.24767,0.650266,4.597404
1.938,5.24767,0.650265,4.597405
1.94,5.24767,0.650265,4.597405
1.942,5.24767,0.650266,4.597404
1.944,5.24767,0.650266,4.597404
1.946,5.24767,0.650266,4.597404
1.948,5.24767,0.650266,4.597404
1.95,5.24767,0.650265,4.597405
1.952,5.24767,0.650265,4.597405
1.954,5.24767,0.650266,4.597404
1.956,5.24767,0.650266,4.597404
1.958,5.24767,0.650266,4.597404
1.96,5.24767,0.650265,4.597405
1.962,5.24767,0.650265,4.597405
1.964,5.24767,0.650266,4.597404
1.966,5.24767,0.650266,4.597404
1.968,5.24767,0.650265,4.597405
1.97,5.24767,0.650265,4.597405
1.972,5.24767,0.650266,4.597404
1.974,5.24767,0.650266,4.597404
1.976,5.24767,0.650266,4.597404
1.978,5.24767,0.650266,4.597404
1.98,5.24767,0.650266,4.597404
1.982,5.24767,0.650265,4.597405
1.984,5.24767,0.650265,4.597405
1.986,5.24767,0.650266,4.597404
1.988,5.24767,0.650266,4.597404
1.99,5.24767,0.650265,4.597405
1.992,5.24767,0.650265,4.597405
1.994,5.24767,0.650266,4.597404
1.996,5.24767,0.650266,4.597404
1.998,5.24767,0.650265,4.597405
2.0,5.24767,0.650265,4.597405
2.002,5.24767,0.650265,4.597405
2.004,5.24767,0.650266,4.597404
2.006,5.24767,0.650266,4.597404
2.008,5.24767,0.650266,4.597404
2.01,5.24767,0.650266,4.597404
2.012,5.24767,0.650266,4.597404
2.014,5.24767,0.650266,4.597404
2.016,5.24767,0.650266,4.597404
2.018,5.24767,0.650266,4.597404
2.02,5.24767,0.650265,4.597405
2.022,5.24767,0.650265,4.597405
2.024,5.24767,0.650265,4.597405
2.026,5.24767,0.650266,4.597404
2.028,5.24767,0.650266,4.597404
2.03,5.24767,0.650265,4.597405
2.032,5.24767,0.650265,4.597405
2.034,5.24767,0.650266,4.597404
2.036,5.24767,0.650266,4.597404
2.038,5.24767,0.650266,4.597404
2.04,5.24767,0.650266,4.597404
2.042,5.24767,0.650266,4.597404
2.044,5.24767,0.650266,4.597404
2.046,5.24767,0.650266,4.597404
2.048,5.24767,0.650266,4.597404
2.05,5.24767,0.650266,4.597404
2.052,5.24767,0.650265,4.597405
2.054,5.24767,0.650265,4.597405
2.056,5.24767,0.650266,4.597404
2.058,5.24767,0.650266,4.597404
2.06,5.24767,0.650265,4.597405
2.062,5.24767,0.650265,4.597405
2.064,5.24767,0.650266,4.597404
2.066,5.24767,0.650266,4.597404
2.068,5.24767,0.650266,4.597404
2.07,5.24767,0.650266,4.597404
2.072,5.24767,0.650266,4.597404
2.074,5.24767,0.650266,4.597404
2.076,5.24767,0.650266,4.597404
2.078,5.24767,0.650266,4.597404
2.08,5.24767,0.650266,4.597404
2.082,5.24767,0.650265,4.597405
2.084,5.24767,0.650265,4.597405
2.086,5.24767,0.650266,4.597404
2.088,5.24767,0.650266,4.597404
2.09,5.24767,0.650266,4.597404
2.092,5.24767,0.650265,4.597405
2.094,5.24767,0.650265,4.597405
2.096,5.24767,0.650266,4.597404
2.098,5.24767,0.650266,4.597404
2.1,5.24767,0.650265,4.597405
2.102,5.24767,0.650265,4.597405
2.104,5.24767,0.650266,4.597404
2.106,5.24767,0.650266,4.597404
2.108,5.24767,0.650266,4.597404
2.11,5.24767,0.650266,4.597404
2.112,5.24767,0.650266,4.597404
2.114,5.24767,0.650265,4.597405
2.116,5.24767,0.650265,4.597405
2.118,5.24767,0.650266,4.597404
2.12,5.24767,0.650266,4.597404
2.122,5.24767,0.650265,4.597405
2.124,5.24767,0.650265,4.597405
2.126,5.24767,0.650266,4.597404
2.128,5.24767,0.650266,4.597404
2.13,5.24767,0.650265,4.597405
2.132,5.24767,0.650265,4.597405
2.134,5.24767,0.650265,4.597405
2.136,5.24767,0.650266,4.597404
2.138,5.24767,0.650266,4.597404
2.14,5.24767,0.650266,4.597404
2.142,5.24767,0.650266,4.597404
2.144,5.24767,0.650265,4.597405
2.146,5.24767,0.650265,4.597405
2.148,5.24767,0.650266,4.597404
2.15,5.24767,0.650266,4.597404
2.152,5.24767,0.650265,4.597405
2.154,5.24767,0.650265,4.597405
2.156,5.24767,0.650265,4.597405
2.158,5.24767,0.650266,4.597404
2.16,5.24767,0.650266,4.597404
2.162,5.24767,0.650265,4.597405
2.164,5.24767,0.650265,4.597405
2.166,5.24767,0.650266,4.597404
2.168,5.24767,0.650266,4.597404
2.17,5.24767,0.650266,4.597404
2.172,5.24767,0.650266,4.597404
2.174,5.24767,0.650266,4.597404
2.176,5.24767,0.650266,4.597404
2.178,5.24767,0.650266,4.597404
2.18,5.24767,0.650266,4.597404
2.182,5.24767,0.650266,4.597404
2.184,5.24767,0.650265,4.597405
2.186,5.24767,0.650265,4.597405
2.188,5.24767,0.650266,4.597404
2.19,5.24767,0.650266,4.597404
2.192,5.24767,0.650265,4.597405
2.194,5.24767,0.650265,4.597405
2.196,5.24767,0.650266,4.597404
2.198,5.24767,0.650266,4.597404
2.2,5.24767,0.650266,4.597404
2.202,5.24767,0.650266,4.597404
2.204,5.24767,0.650266,4.597404
2.206,5.24767,0.650266,4.597404
2.208,5.24767,0.650266,4.597404
2.21,5.24767,0.650266,4.597404
2.212,5.24767,0.650266,4.597404
2.214,5.24767,0.650265,4.597405
2.216,5.24767,0.650265,4.597405
2.218,5.24767,0.650266,4.597404
2.22,5.24767,0.650266,4.597404
2.222,5.24767,0.650265,4.597405
2.224,5.24767,0.650265,4.597405
2.226,5.24767,0.650265,4.597405
2.228,5.24767,0.650266,4.597404
2.23,5.24767,0.650266,4.597404
2.232,5.24767,0.650266,4.597404
2.234,5.24767,0.650266,4.597404
2.236,5.24767,0.650266,4.597404
2.238,5.24767,0.650266,4.597404
2.24,5.24767,0.650266,4.597404
2.242,5.24767,0.650266,4.597404
2.244,5.24767,0.650265,4.597405
2.246,5.24767,0.650265,4.597405
2.248,5.24767,0.650265,4.597405
2.25,5.24767,0.650266,4.597404
2.252,5.24767,0.650266,4.597404
2.254,5.24767,0.650265,4.597405
2.256,5.24767,0.650265,4.597405
2.258,5.24767,0.650266,4.597404
2.26,5.24767,0.650266,4.597404
2.262,5.24767,0.650265,4.597405
2.264,5.24767,0.650265,4.597405
2.266,5.24767,0.650266,4.597404
2.268,5.24767,0.650266,4.597404
2.27,5.24767,0.650266,4.597404
2.272,5.24767,0.650266,4.597404
2.274,5.24767,0.650266,4.597404
2.276,5.24767,0.650265,4.597405
2.278,5.24767,0.650265,4.597405
2.28,5.24767,0.650266,4.597404
2.282,5.24767,0.650266,4.597404
2.284,5.24767,0.650265,4.597405
2.286,5.24767,0.650265,4.597405
2.288,5.24767,0.650266,4.597404
2.29,5.24767,0.650266,4.597404
2.292,5.24767,0.650266,4.597404
2.294,5.24767,0.650265,4.597405
2.296,5.24767,0.650265,4.597405
2.298,5.24767,0.650266,4.597404
2.3,5.24767,0.650266,4.597404
2.302,5.24767,0.650266,4.597404
2.304,5.24767,0.650266,4.597404
2.306,5.24767,0.650266,4.597404
2.308,5.24767,0.650266,4.597404
2.31,5.24767,0.650266,4.597404
2.312,5.24767,0.650266,4.597404
2.314,5.24767,0.650266,4.597404
2.316,5.24767,0.650265,4.597405
2.318,5.24767,0.650265,4.597405
2.32,5.24767,0.650266,4.597404
2.322,5.24767,0.650266,4.597404
2.324,5.24767,0.650265,4.597405
2.326,5.24767,0.650265,4.597405
2.328,5.24767,0.650266,4.597404
2.33,5.24767,0.650266,4.597404
2.332,5.24767,0.650266,4.597404
2.334,5.24767,0.650266,4.597404
2.336,5.24767,0.650266,4.597404
2.338,5.24767,0.650266,4.597404
2.34,5.24767,0.650266,4.597404
2.342,5.24767,0.650266,4.597404
2.344,5.24767,0.650266,4.597404
2.346,5.24767,0.650265,4.597405
2.348,5.24767,0.650265,4.597405
2.35,5.24767,0.650266,4.597404
2.352,5.24767,0.650266,4.597404
2.354,5.24767,0.650265,4.597405
2.356,5.24767,0.650265,4.597405
2.358,5.24767,0.650265,4.597405
2.36,5.24767,0.650266,4.597404
2.362,5.24767,0.650266,4.597404
2.364,5.24767,0.650266,4.597404
2.366,5.24767,0.650266,4.597404
2.368,5.24767,0.650266,4.597404
2.37,5.24767,0.650266,4.597404
2.372,5.24767,0.650266,4.597404
2.374,5.24767,0.650266,4.597404
2.376,5.24767,0.650265,4.597405
2.378,5.24767,0.650265,4.597405
2.38,5.24767,0.650265,4.597405
2.382,5.24767,0.650266,4.597404
2.384,5.24767,0.650266,4.597404
2.386,5.24767,0.650265,4.597405
2.388,5.24767,0.650265,4.597405
2.39,5.24767,0.650266,4.597404
2.392,5.24767,0.650266,4.597404
2.394,5.24767,0.650265,4.597405
2.396,5.24767,0.650265,4.597405
2.398,5.24767,0.650266,4.597404
2.4,5.24767,0.650266,4.597404
2.402,5.24767,0.650266,4.597404
2.404,5.24767,0.650266,4.597404
2.406,5.24767,0.650266,4.597404
2.408,5.24767,0.650265,4.597405
2.41,5.24767,0.650265,4.597405
2.412,5.24767,0.650266,4.597404
2.414,5.24767,0.650266,4.597404
2.416,5.24767,0.650265,4.597405
2.418,5.24767,0.650265,4.597405
2.42,5.24767,0.650266,4.597404
2.422,5.24767,0.650266,4.597404
2.424,5.24767,0.650266,4.597404
2.426,5.24767,0.650265,4.597405
2.428,5.24767,0.650265,4.597405
2.43,5.24767,0.650266,4.597404
2.432,5.24767,0.650266,4.597404
2.434,5.24767,0.650266,4.597404
2.436,5.24767,0.650266,4.597404
2.438,5.24767,0.650266,4.597404
2.44,5.24767,0.650266,4.597404
2.442,5.24767,0.650266,4.597404
2.444,5.24767,0.650266,4.597404
2.446,5.24767,0.650266,4.597404
2.448,5.24767,0.650265,4.597405
2.45,5.24767,0.650265,4.597405
2.452,5.24767,0.650266,4.597404
2.454,5.24767,0.650266,4.597404
2.456,5.24767,0.650265,4.597405
2.458,5.24767,0.650265,4.597405
2.46,5.24767,0.650266,4.597404
2.462,5.24767,0.650266,4.597404
2.464,5.24767,0.650266,4.597404
2.466,5.24767,0.650266,4.597404
2.468,5.24767,0.650266,4.597404
2.47,5.24767,0.650266,4.597404
2.472,5.24767,0.650266,4.597404
2.474,5.24767,0.650266,4.597404
2.476,5.24767,0.650266,4.597404
2.478,5.24767,0.650265,4.597405
2.48,5.24767,0.650265,4.597405
2.482,5.24767,0.650266,4.597404
2.484,5.24767,0.650266,4.597404
2.486,5.24767,0.650265,4.597405
2.488,5.24767,0.650265,4.597405
2.49,5.24767,0.650265,4.597405
2.492,5.24767,0.650266,4.597404
2.494,5.24767,0.650266,4.597404
2.496,5.24767,0.650266,4.597404
2.498,5.24767,0.650266,4.597404
2.5,5.24767,0.650266,4.597404
2.502,5.24767,0.650266,4.597404
2.504,5.24767,0.650266,4.597404
2.506,5.24767,0.650266,4.597404
2.508,5.24767,0.650265,4.597405
2.51,5.24767,0.650265,4.597405
2.512,5.24767,0.650265,4.597405
2.514,5.24767,0.650266,4.597404
2.516,5.24767,0.650266,4.597404
2.518,5.24767,0.650265,4.597405
2.52,5.24767,0.650265,4.597405
2.522,5.24767,0.650266,4.597404
2.524,5.24767,0.650266,4.597404
2.526,5.24767,0.650266,4.597404
2.528,5.24767,0.650266,4.597404
2.53,5.24767,0.650266,4.597404
2.532,5.24767,0.650266,4.597404
2.534,5.24767,0.650266,4.597404
2.536,5.24767,0.650266,4.597404
2.538,5.24767,0.650266,4.597404
2.54,5.24767,0.650265,4.597405
2.542,5.24767,0.650265,4.597405
2.544,5.24767,0.650266,4.597404
2.546,5.24767,0.650266,4.597404
2.548,5.24767,0.650265,4.597405
2.55,5.24767,0.650265,4.597405
2.552,5.24767,0.650266,4.597404
2.554,5.24767,0.650266,4.597404
2.556,5.24767,0.650266,4.597404
2.558,5.24767,0.650265,4.597405
2.56,5.24767,0.650265,4.597405
2.562,5.24767,0.650266,4.597404
2.564,5.24767,0.650266,4.597404
2.566,5.24767,0.650266,4.597404
2.568,5.24767,0.650266,4.597404
2.57,5.24767,0.650266,4.597404
2.572,5.24767,0.650266,4.597404
2.574,5.24767,0.650266,4.597404
2.576,5.24767,0.650266,4.597404
2.578,5.24767,0.650266,4.597404
2.58,5.24767,0.650265,4.597405
2.582,5.24767,0.650265,4.597405
2.584,5.24767,0.650266,4.597404
2.586,5.24767,0.650266,4.597404
2.588,5.24767,0.650265,4.597405
2.59,5.24767,0.650265,4.597405
2.592,5.24767,0.650266,4.597404
2.594,5.24767,0.650266,4.597404
2.596,5.24767,0.650266,4.597404
2.598,5.24767,0.650266,4.597404
2.6,5.24767,0.650266,4.597404
2.602,5.24767,0.650266,4.597404
2.604,5.24767,0.650266,4.597404
2.606,5.24767,0.650266,4.597404
2.608,5.24767,0.650266,4.597404
2.61,5.24767,0.650265,4.597405
2.612,5.24767,0.650265,4.597405
2.614,5.24767,0.650266,4.597404
2.616,5.24767,0.650266,4.597404
2.618,5.24767,0.650265,4.597405
2.62,5.24767,0.650265,4.597405
2.622,5.24767,0.650265,4.597405
2.624,5.24767,0.650266,4.597404
2.626,5.24767,0.650266,4.597404
2.628,5.24767,0.650266,4.597404
2.63,5.24767,0.650266,4.597404
2.632,5.24767,0.650266,4.597404
2.634,5.24767,0.650266,4.597404
2.636,5.24767,0.650266,4.597404
2.638,5.24767,0.650266,4.597404
2.64,5.24767,0.650265,4.597405
2.642,5.24767,0.650265,4.597405
2.644,5.24767,0.650265,4.597405
2.646,5.24767,0.650266,4.597404
2.648,5.24767,0.650266,4.597404
2.65,5.24767,0.650265,4.597405
2.652,5.24767,0.650265,4.597405
2.654,5.24767,0.650266,4.597404
2.656,5.24767,0.650266,4.597404
2.658,5.24767,0.650266,4.597404
2.66,5.24767,0.650266,4.597404
2.662,5.24767,0.650266,4.597404
2.664,5.24767,0.650266,4.597404
2.666,5.24767,0.650266,4.597404
2.668,5.24767,0.650266,4.597404
2.67,5.24767,0.650266,4.597404
2.672,5.24767,0.650265,4.597405
2.674,5.24767,0.650265,4.597405
2.676,5.24767,0.650266,4.597404
2.678,5.24767,0.650266,4.597404
2.68,5.24767,0.650265,4.597405
2.682,5.24767,0.650265,4.597405
2.684,5.24767,0.650266,4.597404
2.686,5.24767,0.650266,4.597404
2.688,5.24767,0.650266,4.597404
2.69,5.24767,0.650266,4.597404
2.692,5.24767,0.650266,4.597404
2.694,5.24767,0.650266,4.597404
2.696,5.24767,0.650266,4.597404
2.698,5.24767,0.650266,4.597404
2.7,5.24767,0.650266,4.597404
2.702,5.24767,0.650266,4.597404
2.704,5.24767,0.650266,4.597404
2.706,5.24767,0.650266,4.597404
2.708,5.24767,0.650266,4.597404
2.71,5.24767,0.650266,4.597404
2.712,5.24767,0.650265,4.597405
2.714,5.24767,0.650265,4.597405
2.716,5.24767,0.650266,4.597404
2.718,5.24767,0.650266,4.597404
2.72,5.24767,0.650265,4.597405
2.722,5.24767,0.650265,4.597405
2.724,5.24767,0.650266,4.597404
2.726,5.24767,0.650266,4.597404
2.728,5.24767,0.650266,4.597404
2.73,5.24767,0.650266,4.597404
2.732,5.24767,0.650266,4.597404
2.734,5.24767,0.650265,4.597405
2.736,5.24767,0.650265,4.597405
2.738,5.24767,0.650266,4.597404
2.74,5.24767,0.650266,4.597404
2.742,5.24767,0.650265,4.597405
2.744,5.24767,0.650265,4.597405
2.746,5.24767,0.650266,4.597404
2.748,5.24767,0.650266,4.597404
2.75,5.24767,0.650265,4.597405
2.752,5.24767,0.650265,4.597405
2.754,5.24767,0.650265,4.597405
2.756,5.24767,0.650266,4.597404
2.758,5.24767,0.650266,4.597404
2.76,5.24767,0.650266,4.597404
2.762,5.24767,0.650266,4.597404
2.764,5.24767,0.650266,4.597404
2.766,5.24767,0.650266,4.597404
2.768,5.24767,0.650266,4.597404
2.77,5.24767,0.650266,4.597404
2.772,5.24767,0.650265,4.597405
2.774,5.24767,0.650265,4.597405
2.776,5.24767,0.650265,4.597405
2.778,5.24767,0.650266,4.597404
2.78,5.24767,0.650266,4.597404
2.782,5.24767,0.650265,4.597405
2.784,5.24767,0.650265,4.597405
2.786,5.24767,0.650266,4.597404
2.788,5.24767,0.650266,4.597404
2.79,5.24767,0.650266,4.597404
2.792,5.24767,0.650266,4.597404
2.794,5.24767,0.650266,4.597404
2.796,5.24767,0.650266,4.597404
2.798,5.24767,0.650266,4.597404
2.8,5.24767,0.650266,4.597404
2.802,5.24767,0.650266,4.597404
2.804,5.24767,0.650265,4.597405
2.806,5.24767,0.650265,4.597405
2.808,5.24767,0.650266,4.597404
2.81,5.24767,0.650266,4.597404
2.812,5.24767,0.650265,4.597405
2.814,5.24767,0.650265,4.597405
2.816,5.24767,0.650266,4.597404
2.818,5.24767,0.650266,4.597404
2.82,5.24767,0.650266,4.597404
2.822,5.24767,0.650266,4.597404
2.824,5.24767,0.650266,4.597404
2.826,5.24767,0.650266,4.597404
2.828,5.24767,0.650266,4.597404
2.83,5.24767,0.650266,4.597404
2.832,5.24767,0.650266,4.597404
2.834,5.24767,0.650265,4.597405
2.836,5.24767,0.650265,4.597405
2.838,5.24767,0.650266,4.597404
2.84,5.24767,0.650266,4.597404
2.842,5.24767,0.650266,4.597404
2.844,5.24767,0.650265,4.597405
2.846,5.24767,0.650265,4.597405
2.848,5.24767,0.650266,4.597404
2.85,5.24767,0.650266,4.597404
2.852,5.24767,0.650266,4.597404
2.854,5.24767,0.650266,4.597404
2.856,5.24767,0.650266,4.597404
2.858,5.24767,0.650266,4.597404
2.86,5.24767,0.650266,4.597404
2.862,5.24767,0.650266,4.597404
2.864,5.24767,0.650266,4.597404
2.866,5.24767,0.650265,4.597405
2.868,5.24767,0.650265,4.597405
2.87,5.24767,0.650266,4.597404
2.872,5.24767,0.650266,4.597404
2.874,5.24767,0.650265,4.597405
2.876,5.24767,0.650265,4.597405
2.878,5.24767,0.650266,4.597404
2.88,5.24767,0.650266,4.597404
2.882,5.24767,0.650266,4.597404
2.884,5.24767,0.650266,4.597404
2.886,5.24767,0.650266,4.597404
2.888,5.24767,0.650266,4.597404
2.89,5.24767,0.650266,4.597404
2.892,5.24767,0.650266,4.597404
2.894,5.24767,0.650266,4.597404
2.896,5.24767,0.650266,4.597404
2.898,5.24767,0.650266,4.597404
2.9,5.24767,0.650266,4.597404
2.902,5.24767,0.650266,4.597404
2.904,5.24767,0.650265,4.597405
2.906,5.24767,0.650265,4.597405
2.908,5.24767,0.650265,4.597405
2.91,5.24767,0.650266,4.597404
2.912,5.24767,0.650266,4.597404
2.914,5.24767,0.650265,4.597405
2.916,5.24767,0.650265,4.597405
2.918,5.24767,0.650266,4.597404
2.92,5.24767,0.650266,4.597404
2.922,5.24767,0.650266,4.597404
2.924,5.24767,0.650266,4.597404
2.926,5.24767,0.650266,4.597404
2.928,5.24767,0.650266,4.597404
2.93,5.24767,0.650266,4.597404
2.932,5.24767,0.650266,4.597404
2.934,5.24767,0.650266,4.597404
2.936,5.24767,0.650265,4.597405
2.938,5.24767,0.650265,4.597405
2.94,5.24767,0.650266,4.597404
2.942,5.24767,0.650266,4.597404
2.944,5.24767,0.650265,4.597405
2.946,5.24767,0.650265,4.597405
2.948,5.24767,0.650266,4.597404
2.95,5.24767,0.650266,4.597404
2.952,5.24767,0.650266,4.597404
2.954,5.24767,0.650266,4.597404
2.956,5.24767,0.650266,4.597404
2.958,5.24767,0.650266,4.597404
2.96,5.24767,0.650266,4.597404
2.962,5.24767,0.650266,4.597404
2.964,5.24767,0.650266,4.597404
2.966,5.24767,0.650265,4.597405
2.968,5.24767,0.650265,4.597405
2.97,5.24767,0.650266,4.597404
2.972,5.24767,0.650266,4.597404
2.974,5.24767,0.650266,4.597404
2.976,5.24767,0.650265,4.597405
2.978,5.24767,0.650265,4.597405
2.98,5.24767,0.650266,4.597404
2.982,5.24767,0.650266,4.597404
2.984,5.24767,0.650266,4.597404
2.986,5.24767,0.650266,4.597404
2.988,5.24767,0.650266,4.597404
2.99,5.24767,0.650266,4.597404
2.992,5.24767,0.650266,4.597404
2.994,5.24767,0.650266,4.597404
2.996,5.24767,0.650266,4.597404
2.998,5.24767,0.650265,4.597405
3.0,5.24767,0.650265,4.597405
